{"stat.pickup.minecraft.wooden_slab":22,"stat.useItem.terraqueous.sapling":4,"stat.pickup.terraqueous.flowers_single":1,"stat.leaveGame":4,"stat.pickup.gravestone.death_info":2,"stat.useItem.minecraft.mutton":12,"stat.mineBlock.harvestcraft.beehive":1,"stat.useItem.minecraft.planks":125,"stat.pickup.minecraft.porkchop":11,"stat.pickup.minecraft.glass":6,"stat.mineBlock.gravestone.gravestone":1,"stat.pickup.minecraft.rotten_flesh":1,"stat.pickup.minecraft.sand":20,"stat.craftItem.minecraft.stone_axe":2,"stat.mineBlock.minecraft.wooden_slab":13,"stat.pickup.minecraft.leather_boots":2,"stat.mineBlock.minecraft.sand":17,"stat.mineBlock.terraqueous.doodads":10,"stat.pickup.astralsorcery.itemjournal":1,"stat.pickup.minecraft.double_plant":8,"stat.pickup.minecraft.armor_stand":1,"stat.craftItem.minecraft.glass_pane":37,"stat.drop.gravestone.death_info":1,"stat.useItem.minecraft.oak_stairs":8,"stat.furnaceInteraction":34,"stat.pickup.minecraft.beef":7,"stat.useItem.minecraft.cooked_mutton":3,"stat.drop.howlingmoon.potion_wolfsbane":1,"stat.pickup.minecraft.leather_helmet":2,"stat.useItem.minecraft.trapdoor":7,"stat.pickup.minecraft.skull":2,"stat.pickup.howlingmoon.moonstone":4,"stat.mineBlock.terraqueous.flowers_single":1,"stat.killEntity.Horse":4,"stat.useItem.minecraft.wheat_seeds":4,"stat.pickup.minecraft.emerald":3,"stat.mineBlock.minecraft.oak_stairs":2,"stat.deaths":1,"stat.pickup.minecraft.egg":2,"stat.playOneMinute":180184,"stat.mineBlock.minecraft.tallgrass":13,"stat.pickup.minecraft.cooked_mutton":3,"stat.chestOpened":36,"stat.pickup.minecraft.arrow":3,"stat.pickup.howlingmoon.potion_wolfsbane":1,"stat.fallOneCm":42010,"stat.pickup.minecraft.carrot":56,"stat.crouchOneCm":24697,"stat.craftItem.minecraft.diamond":1,"stat.craftItem.minecraft.chest":3,"stat.craftingTableInteraction":55,"stat.pickup.minecraft.feather":100,"stat.entityKilledBy.Hunter":1,"stat.pickup.minecraft.planks":89,"stat.mineBlock.minecraft.spruce_fence":2,"stat.pickup.minecraft.wheat_seeds":42,"stat.useItem.minecraft.stone_pickaxe":141,"stat.useItem.minecraft.wool":1,"stat.craftItem.minecraft.oak_stairs":8,"stat.mineBlock.minecraft.dirt":66,"stat.useItem.minecraft.torch":8,"stat.pickup.terraqueous.multifood":3,"stat.drop.minecraft.rotten_flesh":1,"stat.useItem.minecraft.log":32,"stat.useItem.minecraft.cobblestone":4,"stat.craftItem.minecraft.crafting_table":1,"stat.mineBlock.minecraft.double_plant":2,"stat.mineBlock.harvestcraft.pamgooseberry":3,"stat.pickup.minecraft.log":191,"stat.mineBlock.harvestcraft.pammaple":2,"stat.drop.minecraft.carrot":7,"stat.craftItem.minecraft.gold_ingot":1,"stat.pickup.minecraft.chicken":2,"stat.useItem.howlingmoon.silver_sword":36,"stat.pickup.minecraft.sapling":36,"stat.useItem.minecraft.glass_pane":34,"stat.pickup.minecraft.beetroot":11,"stat.craftItem.minecraft.planks":224,"stat.mineBlock.minecraft.log":141,"stat.mineBlock.terraqueous.trunk1":5,"stat.useItem.minecraft.stone_hoe":1,"stat.sneakTime":12595,"stat.pickup.minecraft.wool":17,"stat.useItem.minecraft.baked_potato":8,"stat.useItem.minecraft.wooden_axe":84,"stat.pickup.minecraft.yellow_flower":2,"stat.killEntity.Hunter":3,"stat.pickup.harvestcraft.gooseberryitem":6,"stat.pickup.minecraft.stone_pickaxe":3,"stat.mineBlock.minecraft.yellow_flower":1,"stat.pickup.minecraft.leather_chestplate":2,"stat.pickup.terraqueous.sapling":5,"stat.swimOneCm":10604,"stat.climbOneCm":25467,"stat.pickup.minecraft.cooked_porkchop":6,"stat.useItem.minecraft.dirt":18,"stat.useItem.minecraft.stone_slab2":49,"stat.pickup.minecraft.bow":2,"stat.useItem.harvestcraft.gooseberryitem":5,"stat.craftItem.minecraft.furnace":1,"stat.useItem.minecraft.egg":2,"stat.craftItem.minecraft.trapdoor":8,"stat.craftItem.minecraft.stone_pickaxe":2,"stat.craftItem.minecraft.cooked_beef":14,"stat.pickup.minecraft.cobblestone":46,"stat.useItem.minecraft.stone_shovel":1,"stat.flyOneCm":251513,"stat.useItem.minecraft.cooked_beef":6,"stat.craftItem.minecraft.wooden_slab":48,"stat.timeSinceDeath":63992,"stat.useItem.minecraft.wooden_slab":56,"stat.pickup.minecraft.mutton":12,"stat.useItem.minecraft.potato":2,"stat.pickup.minecraft.wooden_axe":1,"stat.pickup.minecraft.spruce_fence":2,"stat.useItem.minecraft.cooked_porkchop":6,"stat.pickup.minecraft.trapdoor":5,"stat.drop.minecraft.wool":1,"stat.mineBlock.minecraft.coal_ore":71,"stat.talkedToVillager":3,"stat.craftItem.minecraft.stone_hoe":1,"stat.mineBlock.minecraft.ladder":1,"stat.craftItem.minecraft.stone_slab2":0,"stat.sprintOneCm":391021,"stat.craftItem.minecraft.wooden_axe":1,"stat.craftItem.minecraft.stick":48,"stat.pickup.terraqueous.trunk1":10,"stat.useItem.minecraft.carrot":14,"stat.useItem.minecraft.wheat":24,"stat.pickup.minecraft.leather_leggings":2,"stat.mineBlock.minecraft.planks":31,"stat.drop":24,"stat.killEntity.Sheep":8,"stat.useItem.minecraft.ladder":11,"stat.craftItem.minecraft.emerald":3,"stat.drop.terraqueous.item_main":3,"stat.killEntity.Zombie":1,"stat.mineBlock.terraqueous.foliage3":11,"stat.diveOneCm":11708,"stat.mineBlock.terraqueous.foliage1":2,"stat.pickup.minecraft.wheat":50,"stat.craftItem.minecraft.ladder":12,"stat.pickup.minecraft.gravel":1,"stat.drop.minecraft.cooked_beef":8,"stat.useItem.minecraft.chicken":2,"stat.jump":1945,"stat.pickup.minecraft.coal":94,"stat.useItem.minecraft.stone_axe":190,"stat.mineBlock.harvestcraft.shadedgarden":1,"stat.pickup.minecraft.spider_eye":1,"stat.craftItem.minecraft.torch":20,"stat.pickup.minecraft.dirt":149,"stat.useItem.minecraft.sapling":5,"stat.mineBlock.minecraft.glass_pane":6,"stat.damageTaken":2005,"stat.pickup.minecraft.leather":11,"stat.mineBlock.minecraft.sapling":1,"stat.mineBlock.harvestcraft.pamplum":1,"stat.pickup.minecraft.prismarine_crystals":2,"stat.pickup.minecraft.bed":4,"stat.pickup.minecraft.potato":21,"stat.pickup.minecraft.oak_stairs":2,"stat.damageDealt":4578,"stat.craftItem.minecraft.glass":17,"stat.pickup.birdsnests.birdsnest":6,"stat.sleepInBed":17,"stat.craftItem.minecraft.baked_potato":19,"stat.killEntity.Cow":4,"stat.killEntity.Pig":5,"stat.craftItem.minecraft.stone_shovel":1,"stat.walkOneCm":369971,"stat.pickup.howlingmoon.silver_sword":3,"stat.drop.minecraft.wheat":2,"stat.pickup.minecraft.stick":26,"stat.pickup.terraqueous.item_main":26,"stat.mineBlock.minecraft.wool":2,"stat.pickup.minecraft.ladder":2,"stat.pickup.minecraft.gold_ingot":1,"stat.killEntity.Chicken":3,"stat.pickup.harvestcraft.queenbeeitem":1,"stat.killEntity.Spider":1,"stat.mobKills":28,"stat.pickup.minecraft.diamond":1,"stat.mineBlock.minecraft.leaves":92,"stat.pickup.minecraft.beetroot_seeds":15,"stat.pickup.minecraft.torch":12,"stat.mineBlock.minecraft.stone":36}