{"stat.pickup.minecraft.wooden_slab":28,"stat.useItem.terraqueous.sapling":4,"stat.useItem.harvestcraft.rhubarbitem":1,"stat.pickup.terraqueous.flowers_single":1,"stat.leaveGame":9,"stat.pickup.harvestcraft.soybeanitem":1,"stat.craftItem.minecraft.iron_axe":1,"stat.pickup.harvestcraft.pineappleitem":1,"stat.pickup.gravestone.death_info":8,"stat.mineBlock.minecraft.sandstone":6,"stat.useItem.minecraft.mutton":12,"stat.mineBlock.harvestcraft.beehive":1,"stat.useItem.minecraft.planks":167,"stat.drop.minecraft.feather":6,"stat.pickup.minecraft.porkchop":14,"stat.pickup.minecraft.glass":16,"stat.mineBlock.gravestone.gravestone":6,"stat.pickup.minecraft.rotten_flesh":5,"stat.pickup.minecraft.sand":20,"stat.craftItem.minecraft.stone_axe":2,"stat.mineBlock.minecraft.wooden_slab":16,"stat.pickup.minecraft.leather_boots":2,"stat.mineBlock.minecraft.sand":23,"stat.useItem.minecraft.iron_pickaxe":409,"stat.mineBlock.terraqueous.doodads":11,"stat.pickup.harvestcraft.rhubarbitem":1,"stat.pickup.astralsorcery.itemjournal":1,"stat.pickup.minecraft.double_plant":8,"stat.pickup.minecraft.armor_stand":1,"stat.craftItem.minecraft.glass_pane":40,"stat.drop.gravestone.death_info":14,"stat.mineBlock.chisel.marble2":10,"stat.useItem.minecraft.oak_stairs":8,"stat.furnaceInteraction":65,"stat.useItem.minecraft.golden_carrot":1,"stat.killEntity.ZombieVillager":1,"stat.pickup.minecraft.beef":7,"stat.useItem.minecraft.cooked_mutton":3,"stat.pickup.minecraft.furnace":1,"stat.drop.howlingmoon.potion_wolfsbane":1,"stat.craftItem.minecraft.ender_pearl":1,"stat.pickup.minecraft.leather_helmet":2,"stat.useItem.minecraft.trapdoor":7,"stat.pickup.minecraft.skull":2,"stat.pickup.howlingmoon.moonstone":8,"stat.mineBlock.harvestcraft.tropicalgarden":1,"stat.mineBlock.terraqueous.flowers_single":1,"stat.killEntity.Horse":4,"stat.pickup.minecraft.stone_stairs":1,"stat.useItem.minecraft.wheat_seeds":4,"stat.mineBlock.minecraft.sea_lantern":3,"stat.mineBlock.astralsorcery.blockmarble":24,"stat.pickup.minecraft.golden_carrot":2,"stat.pickup.minecraft.emerald":11,"stat.mineBlock.minecraft.oak_stairs":2,"stat.deaths":7,"stat.pickup.minecraft.egg":16,"stat.playOneMinute":376009,"stat.craftItem.minecraft.iron_pickaxe":2,"stat.drop.minecraft.iron_ingot":1,"stat.pickup.chisel.marble2":20,"stat.mineBlock.minecraft.tallgrass":16,"stat.pickup.minecraft.cooked_mutton":3,"stat.chestOpened":61,"stat.pickup.minecraft.spruce_door":2,"stat.pickup.harvestcraft.tomatoitem":17,"stat.pickup.minecraft.arrow":18,"stat.drop.harvestcraft.tomatoitem":1,"stat.pickup.howlingmoon.potion_wolfsbane":2,"stat.useItem.howlingmoon.potion_wolfsbane":1,"stat.fallOneCm":79645,"stat.pickup.minecraft.carrot":58,"stat.crouchOneCm":96160,"stat.craftItem.minecraft.diamond":2,"stat.craftItem.minecraft.chest":3,"stat.craftItem.minecraft.iron_ingot":48,"stat.craftingTableInteraction":74,"stat.entityKilledBy.Werewolf":1,"stat.pickup.minecraft.feather":145,"stat.entityKilledBy.Hunter":3,"stat.pickup.minecraft.planks":270,"stat.mineBlock.minecraft.spruce_fence":2,"stat.pickup.chisel.limestone2":3,"stat.pickup.minecraft.wheat_seeds":48,"stat.mineBlock.minecraft.gravel":3,"stat.useItem.minecraft.stone_pickaxe":238,"stat.useItem.minecraft.wool":1,"stat.craftItem.minecraft.oak_stairs":8,"stat.mineBlock.minecraft.dirt":276,"stat.useItem.minecraft.torch":35,"stat.pickup.harvestcraft.maplesyrupitem":2,"stat.pickup.terraqueous.multifood":61,"stat.drop.minecraft.rotten_flesh":1,"stat.useItem.minecraft.log":35,"stat.pickup.minecraft.crafting_table":9,"stat.useItem.minecraft.cobblestone":93,"stat.craftItem.minecraft.crafting_table":2,"stat.useItem.minecraft.gravel":1,"stat.mineBlock.minecraft.double_plant":2,"stat.mineBlock.harvestcraft.pamgooseberry":3,"stat.pickup.minecraft.log":257,"stat.mineBlock.harvestcraft.pammaple":3,"stat.pickup.minecraft.iron_pickaxe":6,"stat.drop.minecraft.carrot":7,"stat.craftItem.minecraft.gold_ingot":13,"stat.pickup.minecraft.chicken":2,"stat.useItem.howlingmoon.silver_sword":50,"stat.pickup.minecraft.sapling":67,"stat.useItem.minecraft.glass_pane":36,"stat.pickup.minecraft.beetroot":13,"stat.craftItem.minecraft.planks":224,"stat.mineBlock.minecraft.log":195,"stat.useItem.harvestcraft.pineappleitem":1,"stat.mineBlock.terraqueous.trunk1":5,"stat.useItem.minecraft.stone_hoe":1,"stat.pickup.harvestcraft.juteitem":1,"stat.sneakTime":42284,"stat.pickup.minecraft.wool":17,"stat.useItem.minecraft.baked_potato":19,"stat.useItem.minecraft.wooden_axe":84,"stat.pickup.minecraft.yellow_flower":5,"stat.killEntity.Hunter":6,"stat.pickup.harvestcraft.gooseberryitem":6,"stat.pickup.minecraft.bone":25,"stat.useItem.minecraft.iron_axe":178,"stat.mineBlock.minecraft.cobblestone":11,"stat.pickup.minecraft.stone_pickaxe":6,"stat.mineBlock.minecraft.yellow_flower":1,"stat.pickup.minecraft.leather_chestplate":2,"stat.pickup.terraqueous.sapling":6,"stat.swimOneCm":24120,"stat.climbOneCm":53381,"stat.pickup.minecraft.cooked_porkchop":8,"stat.useItem.minecraft.dirt":300,"stat.useItem.minecraft.stone_slab2":82,"stat.pickup.minecraft.bow":2,"stat.useItem.harvestcraft.gooseberryitem":6,"stat.craftItem.minecraft.furnace":1,"stat.useItem.minecraft.egg":9,"stat.useItem.minecraft.iron_ore":2,"stat.craftItem.minecraft.trapdoor":8,"stat.craftItem.minecraft.stone_pickaxe":2,"stat.craftItem.minecraft.cooked_beef":14,"stat.mineBlock.howlingmoon.ore_silver":1,"stat.pickup.minecraft.cobblestone":399,"stat.drop.birdsnests.birdsnest":3,"stat.useItem.harvestcraft.juteitem":1,"stat.useItem.minecraft.stone_shovel":106,"stat.flyOneCm":462800,"stat.pickup.minecraft.glass_bottle":1,"stat.drop.minecraft.wheat_seeds":1,"stat.useItem.minecraft.cooked_beef":6,"stat.craftItem.minecraft.wooden_slab":48,"stat.pickup.minecraft.redstone":24,"stat.mineBlock.minecraft.iron_ore":52,"stat.timeSinceDeath":25709,"stat.useItem.minecraft.wooden_slab":58,"stat.pickup.minecraft.mutton":12,"stat.useItem.minecraft.potato":2,"stat.pickup.minecraft.wooden_axe":1,"stat.pickup.minecraft.spruce_fence":4,"stat.useItem.minecraft.cooked_porkchop":6,"stat.pickup.minecraft.trapdoor":5,"stat.drop.minecraft.wool":1,"stat.mineBlock.minecraft.coal_ore":211,"stat.talkedToVillager":3,"stat.craftItem.minecraft.stone_hoe":1,"stat.mineBlock.minecraft.ladder":2,"stat.craftItem.minecraft.stone_slab2":0,"stat.useItem.minecraft.spruce_fence":1,"stat.sprintOneCm":757879,"stat.craftItem.minecraft.wooden_axe":1,"stat.craftItem.minecraft.stick":48,"stat.mineBlock.minecraft.crafting_table":3,"stat.drop.minecraft.leaves":7,"stat.pickup.terraqueous.trunk1":10,"stat.useItem.minecraft.carrot":16,"stat.useItem.minecraft.wheat":40,"stat.pickup.minecraft.leather_leggings":2,"stat.entityKilledBy.Creeper":1,"stat.mineBlock.minecraft.planks":69,"stat.drop":76,"stat.killEntity.Sheep":8,"stat.useItem.minecraft.ladder":11,"stat.useItem.harvestcraft.zucchiniitem":1,"stat.craftItem.minecraft.emerald":3,"stat.drop.terraqueous.item_main":3,"stat.killEntity.Zombie":2,"stat.craftItem.minecraft.dye":27,"stat.mineBlock.minecraft.gold_ore":8,"stat.mineBlock.terraqueous.foliage3":31,"stat.diveOneCm":21164,"stat.mineBlock.terraqueous.foliage1":2,"stat.pickup.minecraft.wheat":66,"stat.craftItem.ironfurnaces.iron_furnace_idle":1,"stat.craftItem.minecraft.ladder":12,"stat.pickup.minecraft.gravel":4,"stat.drop.minecraft.cooked_beef":8,"stat.useItem.minecraft.chicken":2,"stat.useItem.minecraft.porkchop":3,"stat.jump":3821,"stat.pickup.minecraft.fence":2,"stat.pickup.minecraft.coal":629,"stat.pickup.minecraft.iron_ingot":139,"stat.useItem.minecraft.stone_axe":213,"stat.pickup.minecraft.gunpowder":3,"stat.entityKilledBy.CaveSpider":1,"stat.mineBlock.harvestcraft.shadedgarden":6,"stat.pickup.minecraft.spider_eye":21,"stat.craftItem.minecraft.torch":20,"stat.pickup.minecraft.dirt":560,"stat.pickup.minecraft.iron_ore":224,"stat.pickup.minecraft.stone_shovel":1,"stat.useItem.minecraft.sapling":12,"stat.pickup.minecraft.gold_ore":33,"stat.pickup.minecraft.iron_axe":5,"stat.pickup.minecraft.leaves":913,"stat.mineBlock.minecraft.glass_pane":14,"stat.mineBlock.minecraft.stone_stairs":2,"stat.damageTaken":6782,"stat.pickup.minecraft.leather":11,"stat.mineBlock.minecraft.torch":34,"stat.mineBlock.minecraft.furnace":1,"stat.mineBlock.minecraft.sapling":4,"stat.mineBlock.harvestcraft.pamplum":1,"stat.pickup.minecraft.prismarine_crystals":23,"stat.killEntity.CaveSpider":7,"stat.pickup.minecraft.bed":4,"stat.pickup.minecraft.potato":21,"stat.pickup.minecraft.oak_stairs":2,"stat.pickup.ironfurnaces.iron_furnace_idle":1,"stat.damageDealt":9989,"stat.craftItem.minecraft.glass":17,"stat.pickup.birdsnests.birdsnest":33,"stat.sleepInBed":24,"stat.craftItem.minecraft.baked_potato":19,"stat.killEntity.Cow":4,"stat.useItem.minecraft.crafting_table":1,"stat.killEntity.Pig":5,"stat.craftItem.minecraft.stone_shovel":1,"stat.walkOneCm":705775,"stat.playerKills":1,"stat.pickup.howlingmoon.silver_sword":7,"stat.drop.minecraft.wheat":22,"stat.pickup.minecraft.stick":30,"stat.pickup.terraqueous.item_main":53,"stat.useItem.scalinghealth.heartcontainer":3,"stat.pickup.minecraft.stone":11,"stat.mineBlock.minecraft.wool":2,"stat.pickup.scalinghealth.heartcontainer":3,"stat.pickup.harvestcraft.zucchiniitem":1,"stat.useItem.minecraft.leaves":450,"stat.pickup.minecraft.ladder":4,"stat.pickup.minecraft.gold_ingot":46,"stat.killEntity.Skeleton":1,"stat.killEntity.Chicken":3,"stat.pickup.harvestcraft.queenbeeitem":2,"stat.killEntity.Spider":1,"stat.mobKills":41,"stat.craftItem.minecraft.shears":3,"stat.pickup.minecraft.diamond":6,"stat.mineBlock.minecraft.leaves":804,"stat.pickup.minecraft.beetroot_seeds":21,"stat.pickup.minecraft.torch":169,"stat.pickup.howlingmoon.ore_silver":4,"stat.pickup.astralsorcery.blockmarble":49,"stat.mineBlock.minecraft.stone":217}