{"stats":{"minecraft:custom":{"minecraft:jump":18,"minecraft:time_since_rest":1575,"minecraft:damage_dealt":3,"minecraft:sprint_one_cm":1022,"minecraft:deaths":2,"minecraft:play_time":3524,"minecraft:damage_taken":551,"minecraft:time_since_death":1543,"minecraft:walk_one_cm":14729,"minecraft:sneak_time":5,"minecraft:total_world_time":3524,"minecraft:fall_one_cm":1443,"minecraft:fly_one_cm":5898},"minecraft:picked_up":{"pointblank:ak74":2,"pointblank:ammo545":36},"minecraft:killed_by":{"minecraft:player":2}},"DataVersion":3465}