{"stat.useItem.minecraft.string":1,"stat.useItem.harvestcraft.rhubarbitem":1,"stat.pickup.terraqueous.flowers_single":1,"stat.leaveGame":14,"stat.drop.minecraft.gunpowder":1,"stat.craftItem.minecraft.iron_axe":1,"stat.drop.harvestcraft.eggplantitem":1,"stat.pickup.harvestcraft.pineappleitem":1,"stat.pickup.gravestone.death_info":7,"stat.useItem.minecraft.mutton":4,"stat.drop.minecraft.trapdoor":2,"stat.mineBlock.harvestcraft.beehive":1,"stat.useItem.minecraft.planks":118,"stat.pickup.minecraft.glowstone_dust":65,"stat.drop.minecraft.feather":3,"stat.killEntity.Werewolf":1,"stat.pickup.minecraft.porkchop":28,"stat.mineBlock.gravestone.gravestone":5,"stat.mineBlock.ironfurnaces.iron_furnace_idle":1,"stat.pickup.minecraft.rotten_flesh":34,"stat.craftItem.minecraft.stone_axe":2,"stat.pickup.harvestcraft.sweetpotatoitem":6,"stat.pickup.harvestcraft.radishitem":6,"stat.craftItem.minecraft.iron_shovel":4,"stat.pickup.minecraft.chainmail_chestplate":10,"stat.pickup.harvestcraft.scallionitem":3,"stat.useItem.minecraft.iron_pickaxe":662,"stat.drop.minecraft.diamond":1,"stat.useItem.minecraft.spawn_egg":13,"stat.craftItem.minecraft.wooden_pickaxe":1,"stat.mineBlock.terraqueous.doodads":17,"stat.useItem.minecraft.iron_shovel":837,"stat.drop.minecraft.chainmail_leggings":14,"stat.pickup.harvestcraft.rhubarbitem":3,"stat.drop.minecraft.cooked_mutton":3,"stat.pickup.astralsorcery.itemjournal":3,"stat.craftItem.minecraft.bed":2,"stat.pickup.minecraft.armor_stand":3,"stat.pickup.harvestcraft.gingeritem":1,"stat.drop.gravestone.death_info":7,"stat.mineBlock.chisel.marble2":38,"stat.furnaceInteraction":40,"stat.drop.harvestcraft.gingeritem":1,"stat.killEntity.ZombieVillager":2,"stat.pickup.harvestcraft.turnipitem":3,"stat.pickup.minecraft.beef":13,"stat.useItem.minecraft.cooked_mutton":6,"stat.pickup.minecraft.furnace":1,"stat.mineBlock.harvestcraft.windygarden":1,"stat.useItem.minecraft.trapdoor":1,"stat.pickup.howlingmoon.moonstone":2,"stat.mineBlock.harvestcraft.tropicalgarden":4,"stat.useItem.minecraft.flint_and_steel":1,"stat.mineBlock.astralsorcery.blockmarble":110,"stat.pickup.minecraft.emerald":4,"stat.useItem.minecraft.dye":5,"stat.mineBlock.minecraft.oak_stairs":1,"stat.deaths":5,"stat.pickup.minecraft.egg":24,"stat.playOneMinute":294312,"stat.pickup.harvestcraft.arrowrootitem":1,"stat.craftItem.minecraft.iron_pickaxe":3,"stat.pickup.minecraft.iron_bars":4,"stat.drop.minecraft.torch":32,"stat.pickup.chisel.marble2":38,"stat.mineBlock.minecraft.tallgrass":22,"stat.craftItem.minecraft.cooked_mutton":9,"stat.chestOpened":66,"stat.craftItem.minecraft.light_weighted_pressure_plate":1,"stat.pickup.harvestcraft.tomatoitem":2,"stat.pickup.minecraft.arrow":16,"stat.pickup.howlingmoon.potion_wolfsbane":1,"stat.drop.harvestcraft.arrowrootitem":1,"stat.pickup.minecraft.gold_nugget":18,"stat.pickup.harvestcraft.chilipepperitem":1,"stat.drop.minecraft.iron_pickaxe":6,"stat.fallOneCm":154664,"stat.drop.minecraft.stone":1,"stat.pickup.minecraft.carrot":7,"stat.pickup.minecraft.melon_seeds":1,"stat.useItem.harvestcraft.chilipepperitem":1,"stat.crouchOneCm":16764,"stat.mineBlock.minecraft.chest":2,"stat.craftItem.minecraft.chest":3,"stat.craftItem.minecraft.iron_ingot":34,"stat.craftingTableInteraction":38,"stat.drop.howlingmoon.moonstone":1,"stat.pickup.minecraft.feather":147,"stat.drop.minecraft.bone":2,"stat.entityKilledBy.Hunter":3,"stat.pickup.minecraft.dye":1,"stat.pickup.minecraft.planks":61,"stat.pickup.backpacks16840.backpack":3,"stat.mineBlock.minecraft.spruce_fence":2,"stat.drop.harvestcraft.curryleafitem":1,"stat.pickup.chisel.limestone2":1,"stat.pickup.minecraft.wheat_seeds":74,"stat.useItem.minecraft.stone_pickaxe":89,"stat.useItem.minecraft.wool":1,"stat.mineBlock.minecraft.dirt":838,"stat.pickup.minecraft.chainmail_boots":10,"stat.drop.minecraft.iron_axe":2,"stat.useItem.minecraft.torch":2,"stat.pickup.harvestcraft.maplesyrupitem":4,"stat.pickup.minecraft.iron_nugget":2,"stat.pickup.terraqueous.multifood":7,"stat.drop.minecraft.porkchop":3,"stat.drop.minecraft.rotten_flesh":8,"stat.pickup.minecraft.crafting_table":3,"stat.useItem.minecraft.log":49,"stat.useItem.minecraft.cobblestone":18,"stat.craftItem.minecraft.crafting_table":4,"stat.mineBlock.minecraft.double_plant":1,"stat.craftItem.backpacks16840.backpack":1,"stat.pickup.minecraft.log":639,"stat.useItem.harvestcraft.sweetpotatoitem":1,"stat.mineBlock.harvestcraft.pammaple":2,"stat.pickup.minecraft.iron_pickaxe":10,"stat.craftItem.minecraft.gold_ingot":2,"stat.drop.minecraft.planks":3,"stat.drop.minecraft.sapling":16,"stat.pickup.minecraft.chainmail_leggings":19,"stat.pickup.minecraft.sapling":103,"stat.drop.minecraft.melon_seeds":1,"stat.pickup.minecraft.beetroot":3,"stat.craftItem.minecraft.planks":400,"stat.useItem.harvestcraft.artichokeitem":1,"stat.mineBlock.minecraft.log":213,"stat.craftItem.minecraft.wooden_door":3,"stat.useItem.minecraft.wooden_door":2,"stat.pickup.minecraft.red_flower":1,"stat.sneakTime":4985,"stat.pickup.minecraft.wool":14,"stat.useItem.minecraft.wooden_axe":18,"stat.killEntity.Hunter":8,"stat.drop.minecraft.wooden_axe":1,"stat.useItem.minecraft.beetroot":3,"stat.pickup.minecraft.chest":2,"stat.drop.scalinghealth.heartcontainer":1,"stat.drop.minecraft.stone_pickaxe":1,"stat.drop.astralsorcery.blockmarble":64,"stat.pickup.minecraft.bone":15,"stat.useItem.minecraft.iron_axe":169,"stat.mineBlock.minecraft.cobblestone":8,"stat.swimOneCm":13176,"stat.pickup.harvestcraft.artichokeitem":1,"stat.climbOneCm":14214,"stat.drop.minecraft.cobblestone":30,"stat.pickup.minecraft.cooked_porkchop":3,"stat.useItem.minecraft.dirt":377,"stat.useItem.minecraft.stone_slab2":1992,"stat.craftItem.minecraft.furnace":2,"stat.useItem.minecraft.egg":10,"stat.craftItem.minecraft.trapdoor":2,"stat.craftItem.minecraft.stone_pickaxe":1,"stat.mineBlock.howlingmoon.ore_silver":7,"stat.pickup.minecraft.cobblestone":601,"stat.drop.birdsnests.birdsnest":1,"stat.pickup.harvestcraft.curryleafitem":1,"stat.mineBlock.chisel.limestone2":1,"stat.flyOneCm":785993,"stat.drop.harvestcraft.cantaloupeitem":2,"stat.drop.minecraft.wheat_seeds":1,"stat.useItem.minecraft.cooked_beef":8,"stat.drop.minecraft.chainmail_chestplate":8,"stat.pickup.harvestcraft.leekitem":2,"stat.mineBlock.minecraft.iron_ore":136,"stat.timeSinceDeath":147287,"stat.mineBlock.terraqueous.flowers_cluster":1,"stat.useItem.harvestcraft.peanutitem":1,"stat.drop.minecraft.log":226,"stat.drop.minecraft.spider_eye":3,"stat.pickup.minecraft.mutton":13,"stat.craftItem.astralsorcery.blockmarble":88,"stat.drop.minecraft.coal":6,"stat.pickup.harvestcraft.beanitem":4,"stat.pickup.minecraft.chainmail_helmet":9,"stat.pickup.minecraft.spruce_fence":4,"stat.drop.minecraft.dirt":333,"stat.useItem.minecraft.cooked_porkchop":25,"stat.pickup.minecraft.iron_shovel":2,"stat.pickup.minecraft.trapdoor":1,"stat.drop.minecraft.beetroot_seeds":3,"stat.drop.minecraft.wool":1,"stat.mineBlock.minecraft.coal_ore":151,"stat.killEntity.Creeper":7,"stat.talkedToVillager":8,"stat.pickup.minecraft.string":18,"stat.drop.harvestcraft.pineappleitem":1,"stat.useItem.astralsorcery.blockmarble":101,"stat.entityKilledBy.Skeleton":1,"stat.craftItem.minecraft.stone_slab2":0,"stat.useItem.minecraft.spruce_fence":2,"stat.sprintOneCm":514259,"stat.craftItem.minecraft.wooden_axe":1,"stat.craftItem.minecraft.stick":12,"stat.mineBlock.minecraft.crafting_table":3,"stat.waystones:waystonesActivated":1,"stat.useItem.minecraft.carrot":7,"stat.useItem.minecraft.wheat":8,"stat.useItem.harvestcraft.turnipitem":1,"stat.mineBlock.minecraft.planks":12,"stat.drop":183,"stat.killEntity.Sheep":9,"stat.drop.terraqueous.item_main":30,"stat.killEntity.Zombie":21,"stat.craftItem.minecraft.dye":6,"stat.mineBlock.ironfurnaces.iron_furnace_active":1,"stat.diveOneCm":12810,"stat.pickup.minecraft.wheat":61,"stat.pickup.harvestcraft.garlicitem":4,"stat.pickup.harvestcraft.eggplantitem":1,"stat.craftItem.ironfurnaces.iron_furnace_idle":1,"stat.drop.astralsorcery.itemcraftingcomponent":7,"stat.craftItem.minecraft.cooked_porkchop":31,"stat.pickup.minecraft.stone_axe":8,"stat.drop.minecraft.chainmail_helmet":7,"stat.useItem.minecraft.porkchop":2,"stat.drop.minecraft.cooked_porkchop":1,"stat.jump":5210,"stat.useItem.minecraft.wooden_hoe":8,"stat.pickup.minecraft.coal":269,"stat.pickup.minecraft.iron_ingot":25,"stat.useItem.minecraft.stone_axe":198,"stat.pickup.minecraft.gunpowder":2,"stat.pickup.harvestcraft.peanutitem":1,"stat.mineBlock.harvestcraft.shadedgarden":7,"stat.pickup.minecraft.spider_eye":4,"stat.craftItem.minecraft.torch":16,"stat.pickup.minecraft.dirt":1992,"stat.drop.minecraft.bed":2,"stat.pickup.minecraft.iron_ore":134,"stat.mineBlock.minecraft.iron_bars":2,"stat.useItem.minecraft.sapling":11,"stat.pickup.minecraft.iron_axe":3,"stat.mineBlock.minecraft.glass_pane":1,"stat.pickup.minecraft.leather":9,"stat.damageTaken":3819,"stat.mineBlock.minecraft.red_flower":1,"stat.mineBlock.minecraft.furnace":1,"stat.mineBlock.minecraft.torch":2,"stat.useItem.minecraft.wooden_pickaxe":3,"stat.pickup.minecraft.prismarine_shard":2,"stat.mineBlock.minecraft.sapling":7,"stat.useItem.customnpcs.npcwand":3,"stat.pickup.minecraft.bed":8,"stat.pickup.minecraft.potato":9,"stat.pickup.minecraft.oak_stairs":1,"stat.pickup.ironfurnaces.iron_furnace_idle":2,"stat.damageDealt":15708,"stat.pickup.birdsnests.birdsnest":35,"stat.sleepInBed":11,"stat.killEntity.Cow":4,"stat.killEntity.Pig":12,"stat.walkOneCm":872537,"stat.animalsBred":1,"stat.useItem.minecraft.chest":4,"stat.pickup.howlingmoon.silver_sword":2,"stat.drop.minecraft.wheat":52,"stat.pickup.minecraft.stick":56,"stat.pickup.harvestcraft.cantaloupeitem":2,"stat.pickup.terraqueous.item_main":94,"stat.useItem.scalinghealth.heartcontainer":1,"stat.pickup.harvestcraft.spiceleafitem":8,"stat.pickup.minecraft.stone":2,"stat.useItem.harvestcraft.scallionitem":1,"stat.pickup.scalinghealth.heartcontainer":3,"stat.drop.minecraft.potato":3,"stat.pickup.harvestcraft.zucchiniitem":6,"stat.pickup.minecraft.cooked_beef":11,"stat.killEntity.Skeleton":9,"stat.drop.minecraft.chainmail_boots":8,"stat.pickup.harvestcraft.queenbeeitem":4,"stat.killEntity.Spider":5,"stat.mineBlock.minecraft.glowstone":3,"stat.pickup.astralsorcery.itemcraftingcomponent":11,"stat.mobKills":79,"stat.pickup.minecraft.diamond":1,"stat.mineBlock.minecraft.leaves":15,"stat.pickup.minecraft.beetroot_seeds":9,"stat.pickup.howlingmoon.ore_silver":7,"stat.pickup.minecraft.torch":34,"stat.pickup.astralsorcery.blockmarble":502,"stat.drop.minecraft.stone_axe":6,"stat.drop.minecraft.beef":6,"stat.drop.minecraft.arrow":4,"stat.mineBlock.minecraft.stone":290}