{"stat.useItem.minecraft.string":1,"stat.useItem.harvestcraft.rhubarbitem":1,"stat.pickup.terraqueous.flowers_single":1,"stat.leaveGame":16,"stat.drop.minecraft.gunpowder":1,"stat.craftItem.minecraft.iron_axe":3,"stat.drop.harvestcraft.eggplantitem":1,"stat.pickup.harvestcraft.pineappleitem":1,"stat.pickup.gravestone.death_info":11,"stat.useItem.minecraft.mutton":4,"stat.drop.minecraft.trapdoor":2,"stat.pickup.harvestcraft.taroitem":1,"stat.mineBlock.harvestcraft.beehive":1,"stat.useItem.minecraft.planks":396,"stat.mineBlock.minecraft.web":4,"stat.pickup.minecraft.glowstone_dust":65,"stat.drop.minecraft.feather":13,"stat.killEntity.Werewolf":1,"stat.pickup.minecraft.porkchop":80,"stat.mineBlock.gravestone.gravestone":10,"stat.mineBlock.ironfurnaces.iron_furnace_idle":1,"stat.pickup.minecraft.rotten_flesh":52,"stat.pickup.minecraft.sand":151,"stat.craftItem.minecraft.stone_axe":2,"stat.pickup.harvestcraft.sweetpotatoitem":6,"stat.pickup.harvestcraft.radishitem":6,"stat.craftItem.minecraft.iron_shovel":5,"stat.pickup.minecraft.chainmail_chestplate":10,"stat.pickup.minecraft.brown_mushroom":4,"stat.mineBlock.minecraft.sand":99,"stat.killEntity.Witch":1,"stat.pickup.harvestcraft.scallionitem":3,"stat.craftItem.minecraft.wooden_hoe":1,"stat.useItem.minecraft.iron_pickaxe":1256,"stat.drop.minecraft.diamond":1,"stat.useItem.minecraft.spawn_egg":19,"stat.craftItem.minecraft.wooden_pickaxe":1,"stat.mineBlock.terraqueous.doodads":17,"stat.useItem.minecraft.iron_shovel":1224,"stat.drop.minecraft.chainmail_leggings":14,"stat.pickup.harvestcraft.rhubarbitem":4,"stat.drop.minecraft.cooked_mutton":3,"stat.pickup.astralsorcery.itemjournal":6,"stat.craftItem.minecraft.bed":3,"stat.pickup.minecraft.armor_stand":3,"stat.pickup.harvestcraft.gingeritem":1,"stat.drop.gravestone.death_info":12,"stat.mineBlock.chisel.marble2":216,"stat.craftItem.minecraft.golden_carrot":42,"stat.furnaceInteraction":64,"stat.drop.harvestcraft.gingeritem":1,"stat.useItem.minecraft.golden_carrot":22,"stat.killEntity.ZombieVillager":3,"stat.pickup.harvestcraft.turnipitem":3,"stat.pickup.spartanshields.shield_tower_stone":1,"stat.pickup.minecraft.beef":38,"stat.useItem.minecraft.cooked_mutton":6,"stat.pickup.minecraft.furnace":1,"stat.mineBlock.harvestcraft.windygarden":1,"stat.useItem.minecraft.trapdoor":1,"stat.pickup.howlingmoon.moonstone":18,"stat.useItem.minecraft.stone_stairs":1,"stat.mineBlock.harvestcraft.tropicalgarden":5,"stat.pickup.minecraft.stone_stairs":3,"stat.useItem.minecraft.flint_and_steel":1,"stat.drop.minecraft.wooden_hoe":1,"stat.useItem.minecraft.wheat_seeds":1,"stat.mineBlock.astralsorcery.blockmarble":118,"stat.pickup.minecraft.golden_carrot":20,"stat.pickup.minecraft.emerald":5,"stat.useItem.minecraft.dye":13,"stat.useItem.minecraft.beef":1,"stat.mineBlock.minecraft.oak_stairs":1,"stat.deaths":10,"stat.drop.minecraft.golden_carrot":2,"stat.pickup.minecraft.egg":27,"stat.playOneMinute":455872,"stat.pickup.harvestcraft.arrowrootitem":2,"stat.craftItem.minecraft.iron_pickaxe":5,"stat.pickup.minecraft.iron_bars":4,"stat.drop.minecraft.torch":40,"stat.pickup.chisel.marble2":432,"stat.mineBlock.minecraft.tallgrass":28,"stat.craftItem.minecraft.cooked_mutton":9,"stat.chestOpened":142,"stat.craftItem.minecraft.light_weighted_pressure_plate":1,"stat.pickup.harvestcraft.tomatoitem":3,"stat.pickup.minecraft.arrow":34,"stat.pickup.howlingmoon.potion_wolfsbane":1,"stat.drop.harvestcraft.arrowrootitem":1,"stat.pickup.minecraft.gold_nugget":96,"stat.pickup.harvestcraft.chilipepperitem":1,"stat.drop.minecraft.iron_pickaxe":6,"stat.craftItem.minecraft.iron_nugget":1008,"stat.fallOneCm":234705,"stat.drop.minecraft.stone":1,"stat.pickup.minecraft.carrot":73,"stat.pickup.minecraft.melon_seeds":1,"stat.useItem.harvestcraft.chilipepperitem":1,"stat.crouchOneCm":33619,"stat.mineBlock.minecraft.chest":2,"stat.pickup.minecraft.rail":2,"stat.craftItem.minecraft.chest":3,"stat.craftItem.minecraft.iron_ingot":173,"stat.craftingTableInteraction":62,"stat.drop.howlingmoon.moonstone":1,"stat.useItem.chisel.marble2":1,"stat.pickup.minecraft.feather":164,"stat.drop.minecraft.bone":2,"stat.entityKilledBy.Hunter":4,"stat.pickup.minecraft.dye":93,"stat.pickup.minecraft.planks":626,"stat.pickup.backpacks16840.backpack":7,"stat.mineBlock.minecraft.spruce_fence":2,"stat.drop.harvestcraft.curryleafitem":1,"stat.pickup.chisel.limestone2":3,"stat.pickup.minecraft.wheat_seeds":86,"stat.mineBlock.minecraft.gravel":2,"stat.useItem.minecraft.stone_pickaxe":89,"stat.pickup.malisisdoors.big_door_spruce_3x3":2,"stat.useItem.minecraft.wool":1,"stat.drop.harvestcraft.blackberryitem":1,"stat.mineBlock.minecraft.dirt":1084,"stat.pickup.minecraft.chainmail_boots":10,"stat.drop.minecraft.iron_axe":2,"stat.mineBlock.littleframes.creative_frame":2,"stat.useItem.minecraft.torch":133,"stat.pickup.harvestcraft.maplesyrupitem":4,"stat.pickup.minecraft.iron_nugget":2,"stat.pickup.terraqueous.multifood":11,"stat.drop.minecraft.porkchop":3,"stat.drop.minecraft.rotten_flesh":8,"stat.pickup.minecraft.crafting_table":3,"stat.useItem.minecraft.log":71,"stat.useItem.minecraft.cobblestone":118,"stat.craftItem.minecraft.crafting_table":7,"stat.mineBlock.minecraft.double_plant":1,"stat.craftItem.backpacks16840.backpack":1,"stat.pickup.minecraft.log":981,"stat.useItem.harvestcraft.sweetpotatoitem":1,"stat.mineBlock.harvestcraft.pammaple":2,"stat.pickup.minecraft.iron_pickaxe":16,"stat.craftItem.minecraft.gold_ingot":3,"stat.drop.minecraft.planks":3,"stat.drop.minecraft.sapling":16,"stat.pickup.minecraft.chainmail_leggings":19,"stat.useItem.howlingmoon.silver_sword":6,"stat.pickup.minecraft.sapling":123,"stat.drop.minecraft.melon_seeds":1,"stat.pickup.minecraft.beetroot":3,"stat.craftItem.spartanshields.shield_tower_wood":1,"stat.craftItem.minecraft.planks":532,"stat.useItem.harvestcraft.artichokeitem":1,"stat.mineBlock.minecraft.log":309,"stat.craftItem.minecraft.wooden_door":3,"stat.useItem.minecraft.wooden_door":2,"stat.pickup.minecraft.red_flower":1,"stat.sneakTime":10307,"stat.pickup.minecraft.wool":22,"stat.useItem.minecraft.wooden_axe":18,"stat.killEntity.Hunter":18,"stat.drop.minecraft.wooden_axe":1,"stat.useItem.minecraft.beetroot":3,"stat.pickup.minecraft.chest":6,"stat.drop.scalinghealth.heartcontainer":3,"stat.drop.minecraft.stone_pickaxe":1,"stat.drop.astralsorcery.blockmarble":64,"stat.pickup.minecraft.bone":39,"stat.useItem.minecraft.iron_axe":438,"stat.mineBlock.minecraft.cobblestone":16,"stat.swimOneCm":45165,"stat.pickup.harvestcraft.artichokeitem":1,"stat.climbOneCm":26223,"stat.drop.minecraft.cobblestone":30,"stat.pickup.minecraft.cooked_porkchop":18,"stat.useItem.minecraft.dirt":559,"stat.useItem.harvestcraft.tomatoitem":1,"stat.useItem.minecraft.stone_slab2":2963,"stat.pickup.minecraft.bow":5,"stat.craftItem.minecraft.furnace":2,"stat.useItem.minecraft.egg":13,"stat.craftItem.spartanshields.shield_tower_stone":1,"stat.craftItem.minecraft.trapdoor":2,"stat.craftItem.minecraft.stone_pickaxe":1,"stat.craftItem.minecraft.cooked_beef":24,"stat.mineBlock.howlingmoon.ore_silver":7,"stat.pickup.minecraft.cobblestone":1231,"stat.drop.birdsnests.birdsnest":1,"stat.pickup.harvestcraft.curryleafitem":2,"stat.mineBlock.chisel.limestone2":3,"stat.flyOneCm":1227944,"stat.drop.harvestcraft.cantaloupeitem":2,"stat.drop.minecraft.wheat_seeds":5,"stat.useItem.minecraft.cooked_beef":19,"stat.drop.minecraft.chainmail_chestplate":8,"stat.pickup.harvestcraft.leekitem":3,"stat.pickup.minecraft.redstone":78,"stat.mineBlock.minecraft.iron_ore":312,"stat.timeSinceDeath":17836,"stat.mineBlock.terraqueous.flowers_cluster":1,"stat.useItem.harvestcraft.peanutitem":1,"stat.drop.minecraft.log":226,"stat.drop.minecraft.spider_eye":7,"stat.pickup.malisisdoors.big_door_dark_oak_3x3":1,"stat.pickup.minecraft.mutton":23,"stat.craftItem.astralsorcery.blockmarble":120,"stat.drop.minecraft.coal":6,"stat.pickup.harvestcraft.beanitem":4,"stat.pickup.minecraft.chainmail_helmet":9,"stat.pickup.minecraft.spruce_fence":4,"stat.drop.minecraft.dirt":333,"stat.useItem.minecraft.cooked_porkchop":40,"stat.pickup.minecraft.iron_shovel":6,"stat.pickup.minecraft.trapdoor":1,"stat.drop.minecraft.beetroot_seeds":3,"stat.drop.minecraft.wool":1,"stat.mineBlock.minecraft.coal_ore":229,"stat.killEntity.Creeper":11,"stat.talkedToVillager":15,"stat.pickup.minecraft.string":123,"stat.drop.harvestcraft.pineappleitem":1,"stat.useItem.astralsorcery.blockmarble":137,"stat.entityKilledBy.Skeleton":2,"stat.craftItem.minecraft.stone_slab2":0,"stat.useItem.minecraft.spruce_fence":2,"stat.sprintOneCm":948092,"stat.craftItem.minecraft.wooden_axe":1,"stat.craftItem.minecraft.stick":24,"stat.useItem.minecraft.stone_slab":37,"stat.craftItem.minecraft.gold_nugget":336,"stat.mineBlock.malisisdoors.big_door_spruce_3x3":2,"stat.mineBlock.minecraft.crafting_table":3,"stat.useItem.minecraft.diamond_pickaxe":174,"stat.waystones:waystonesActivated":1,"stat.useItem.minecraft.carrot":9,"stat.useItem.minecraft.wheat":13,"stat.useItem.harvestcraft.turnipitem":1,"stat.entityKilledBy.Creeper":1,"stat.mineBlock.minecraft.planks":18,"stat.drop":217,"stat.killEntity.Sheep":17,"stat.drop.terraqueous.item_main":34,"stat.craftItem.minecraft.diamond_pickaxe":1,"stat.killEntity.Zombie":28,"stat.craftItem.minecraft.dye":6,"stat.mineBlock.ironfurnaces.iron_furnace_active":2,"stat.mineBlock.minecraft.gold_ore":12,"stat.useItem.harvestcraft.taroitem":1,"stat.diveOneCm":30359,"stat.pickup.minecraft.wheat":69,"stat.pickup.harvestcraft.garlicitem":4,"stat.pickup.harvestcraft.eggplantitem":1,"stat.craftItem.ironfurnaces.iron_furnace_idle":1,"stat.drop.astralsorcery.itemcraftingcomponent":7,"stat.pickup.minecraft.gravel":2,"stat.craftItem.minecraft.cooked_porkchop":46,"stat.pickup.minecraft.stone_axe":8,"stat.drop.minecraft.chainmail_helmet":7,"stat.useItem.minecraft.porkchop":13,"stat.useItem.minecraft.rotten_flesh":9,"stat.drop.minecraft.cooked_porkchop":1,"stat.pickup.harvestcraft.blackberryitem":1,"stat.jump":7732,"stat.useItem.minecraft.sand":3,"stat.useItem.minecraft.wooden_hoe":8,"stat.pickup.minecraft.coal":516,"stat.pickup.minecraft.iron_ingot":37,"stat.useItem.minecraft.stone_axe":198,"stat.pickup.minecraft.gunpowder":8,"stat.pickup.harvestcraft.peanutitem":1,"stat.mineBlock.harvestcraft.shadedgarden":8,"stat.pickup.minecraft.spider_eye":10,"stat.craftItem.minecraft.torch":120,"stat.pickup.minecraft.dirt":2259,"stat.drop.minecraft.bed":2,"stat.pickup.minecraft.iron_ore":768,"stat.useItem.minecraft.glass":24,"stat.mineBlock.minecraft.iron_bars":2,"stat.useItem.minecraft.sapling":24,"stat.pickup.minecraft.gold_ore":21,"stat.mineBlock.minecraft.lapis_ore":9,"stat.pickup.minecraft.iron_axe":8,"stat.mineBlock.minecraft.glass_pane":1,"stat.mineBlock.minecraft.stone_stairs":2,"stat.pickup.minecraft.leather":18,"stat.damageTaken":9639,"stat.mineBlock.minecraft.red_flower":1,"stat.mineBlock.minecraft.furnace":1,"stat.mineBlock.minecraft.torch":28,"stat.useItem.minecraft.wooden_pickaxe":3,"stat.pickup.minecraft.prismarine_shard":2,"stat.mineBlock.minecraft.sapling":9,"stat.pickup.minecraft.prismarine_crystals":12,"stat.useItem.customnpcs.npcwand":4,"stat.killEntity.CaveSpider":18,"stat.pickup.minecraft.bed":12,"stat.pickup.minecraft.potato":9,"stat.pickup.minecraft.oak_stairs":1,"stat.pickup.ironfurnaces.iron_furnace_idle":6,"stat.entityKilledBy.Zombie":1,"stat.damageDealt":36827,"stat.craftItem.minecraft.glass":64,"stat.pickup.birdsnests.birdsnest":42,"stat.sleepInBed":18,"stat.mineBlock.malisisdoors.big_door_dark_oak_3x3":1,"stat.killEntity.Cow":16,"stat.killEntity.Pig":24,"stat.walkOneCm":1330807,"stat.animalsBred":1,"stat.useItem.minecraft.chest":4,"stat.pickup.howlingmoon.silver_sword":5,"stat.drop.minecraft.wheat":55,"stat.pickup.minecraft.stick":60,"stat.pickup.minecraft.diamond_pickaxe":1,"stat.pickup.littleframes.creative_frame":2,"stat.pickup.harvestcraft.cantaloupeitem":2,"stat.pickup.terraqueous.item_main":121,"stat.useItem.scalinghealth.heartcontainer":1,"stat.pickup.harvestcraft.spiceleafitem":8,"stat.pickup.minecraft.stone":9,"stat.useItem.harvestcraft.scallionitem":1,"stat.pickup.scalinghealth.heartcontainer":5,"stat.drop.minecraft.potato":3,"stat.pickup.harvestcraft.zucchiniitem":7,"stat.pickup.minecraft.cooked_beef":32,"stat.killEntity.Skeleton":18,"stat.drop.minecraft.chainmail_boots":8,"stat.pickup.harvestcraft.queenbeeitem":4,"stat.killEntity.Spider":8,"stat.mineBlock.minecraft.glowstone":3,"stat.pickup.astralsorcery.itemcraftingcomponent":11,"stat.mobKills":164,"stat.pickup.props.props":1,"stat.pickup.minecraft.diamond":5,"stat.mineBlock.minecraft.leaves":52,"stat.pickup.minecraft.beetroot_seeds":9,"stat.pickup.howlingmoon.ore_silver":16,"stat.pickup.minecraft.torch":151,"stat.mineBlock.minecraft.redstone_ore":10,"stat.pickup.astralsorcery.blockmarble":513,"stat.drop.minecraft.stone_axe":6,"stat.drop.minecraft.beef":6,"stat.drop.minecraft.arrow":6,"stat.mineBlock.minecraft.stone":346}