{"stat.useItem.minecraft.string":1,"stat.useItem.harvestcraft.rhubarbitem":1,"stat.pickup.terraqueous.flowers_single":1,"stat.leaveGame":11,"stat.drop.minecraft.gunpowder":1,"stat.craftItem.minecraft.iron_axe":1,"stat.drop.harvestcraft.eggplantitem":1,"stat.pickup.harvestcraft.pineappleitem":1,"stat.pickup.gravestone.death_info":7,"stat.useItem.minecraft.mutton":4,"stat.drop.minecraft.trapdoor":2,"stat.mineBlock.harvestcraft.beehive":1,"stat.useItem.minecraft.planks":7,"stat.pickup.minecraft.glowstone_dust":65,"stat.drop.minecraft.feather":3,"stat.killEntity.Werewolf":1,"stat.pickup.minecraft.porkchop":22,"stat.mineBlock.gravestone.gravestone":4,"stat.pickup.minecraft.rotten_flesh":24,"stat.craftItem.minecraft.stone_axe":2,"stat.pickup.harvestcraft.sweetpotatoitem":6,"stat.pickup.harvestcraft.radishitem":6,"stat.craftItem.minecraft.iron_shovel":3,"stat.pickup.minecraft.chainmail_chestplate":10,"stat.pickup.harvestcraft.scallionitem":3,"stat.useItem.minecraft.iron_pickaxe":332,"stat.craftItem.minecraft.wooden_pickaxe":1,"stat.mineBlock.terraqueous.doodads":17,"stat.useItem.minecraft.iron_shovel":687,"stat.drop.minecraft.chainmail_leggings":14,"stat.pickup.harvestcraft.rhubarbitem":3,"stat.drop.minecraft.cooked_mutton":3,"stat.pickup.astralsorcery.itemjournal":3,"stat.craftItem.minecraft.bed":2,"stat.pickup.minecraft.armor_stand":3,"stat.pickup.harvestcraft.gingeritem":1,"stat.drop.gravestone.death_info":7,"stat.mineBlock.chisel.marble2":4,"stat.furnaceInteraction":33,"stat.drop.harvestcraft.gingeritem":1,"stat.killEntity.ZombieVillager":1,"stat.pickup.harvestcraft.turnipitem":3,"stat.pickup.minecraft.beef":7,"stat.useItem.minecraft.cooked_mutton":6,"stat.pickup.minecraft.furnace":1,"stat.mineBlock.harvestcraft.windygarden":1,"stat.useItem.minecraft.trapdoor":1,"stat.pickup.howlingmoon.moonstone":1,"stat.mineBlock.harvestcraft.tropicalgarden":4,"stat.mineBlock.astralsorcery.blockmarble":110,"stat.pickup.minecraft.emerald":4,"stat.useItem.minecraft.dye":5,"stat.mineBlock.minecraft.oak_stairs":1,"stat.deaths":5,"stat.pickup.minecraft.egg":22,"stat.playOneMinute":166449,"stat.pickup.harvestcraft.arrowrootitem":1,"stat.craftItem.minecraft.iron_pickaxe":3,"stat.pickup.minecraft.iron_bars":2,"stat.pickup.chisel.marble2":4,"stat.mineBlock.minecraft.tallgrass":22,"stat.craftItem.minecraft.cooked_mutton":9,"stat.chestOpened":46,"stat.craftItem.minecraft.light_weighted_pressure_plate":1,"stat.pickup.harvestcraft.tomatoitem":2,"stat.pickup.minecraft.arrow":8,"stat.pickup.howlingmoon.potion_wolfsbane":1,"stat.drop.harvestcraft.arrowrootitem":1,"stat.pickup.minecraft.gold_nugget":18,"stat.pickup.harvestcraft.chilipepperitem":1,"stat.drop.minecraft.iron_pickaxe":1,"stat.fallOneCm":116738,"stat.drop.minecraft.stone":1,"stat.pickup.minecraft.carrot":7,"stat.pickup.minecraft.melon_seeds":1,"stat.useItem.harvestcraft.chilipepperitem":1,"stat.crouchOneCm":9588,"stat.mineBlock.minecraft.chest":2,"stat.craftItem.minecraft.chest":3,"stat.craftItem.minecraft.iron_ingot":21,"stat.craftingTableInteraction":37,"stat.drop.howlingmoon.moonstone":1,"stat.pickup.minecraft.feather":126,"stat.drop.minecraft.bone":2,"stat.entityKilledBy.Hunter":3,"stat.pickup.minecraft.planks":61,"stat.pickup.backpacks16840.backpack":3,"stat.mineBlock.minecraft.spruce_fence":2,"stat.drop.harvestcraft.curryleafitem":1,"stat.pickup.minecraft.wheat_seeds":74,"stat.useItem.minecraft.stone_pickaxe":89,"stat.useItem.minecraft.wool":1,"stat.mineBlock.minecraft.dirt":687,"stat.pickup.minecraft.chainmail_boots":10,"stat.drop.minecraft.iron_axe":2,"stat.pickup.harvestcraft.maplesyrupitem":4,"stat.pickup.minecraft.iron_nugget":2,"stat.pickup.terraqueous.multifood":4,"stat.drop.minecraft.porkchop":3,"stat.drop.minecraft.rotten_flesh":8,"stat.pickup.minecraft.crafting_table":3,"stat.useItem.minecraft.log":48,"stat.useItem.minecraft.cobblestone":18,"stat.craftItem.minecraft.crafting_table":4,"stat.mineBlock.minecraft.double_plant":1,"stat.craftItem.backpacks16840.backpack":1,"stat.pickup.minecraft.log":636,"stat.useItem.harvestcraft.sweetpotatoitem":1,"stat.mineBlock.harvestcraft.pammaple":2,"stat.pickup.minecraft.iron_pickaxe":5,"stat.craftItem.minecraft.gold_ingot":2,"stat.drop.minecraft.planks":3,"stat.drop.minecraft.sapling":16,"stat.pickup.minecraft.chainmail_leggings":19,"stat.pickup.minecraft.sapling":100,"stat.drop.minecraft.melon_seeds":1,"stat.pickup.minecraft.beetroot":3,"stat.craftItem.minecraft.planks":104,"stat.useItem.harvestcraft.artichokeitem":1,"stat.mineBlock.minecraft.log":212,"stat.craftItem.minecraft.wooden_door":3,"stat.useItem.minecraft.wooden_door":2,"stat.pickup.minecraft.red_flower":1,"stat.sneakTime":2798,"stat.pickup.minecraft.wool":11,"stat.useItem.minecraft.wooden_axe":18,"stat.killEntity.Hunter":6,"stat.drop.minecraft.wooden_axe":1,"stat.useItem.minecraft.beetroot":3,"stat.pickup.minecraft.chest":2,"stat.drop.scalinghealth.heartcontainer":1,"stat.drop.minecraft.stone_pickaxe":1,"stat.drop.astralsorcery.blockmarble":64,"stat.pickup.minecraft.bone":5,"stat.useItem.minecraft.iron_axe":81,"stat.mineBlock.minecraft.cobblestone":8,"stat.swimOneCm":8334,"stat.pickup.harvestcraft.artichokeitem":1,"stat.climbOneCm":13126,"stat.drop.minecraft.cobblestone":30,"stat.pickup.minecraft.cooked_porkchop":1,"stat.useItem.minecraft.dirt":319,"stat.useItem.minecraft.stone_slab2":50,"stat.craftItem.minecraft.furnace":2,"stat.useItem.minecraft.egg":8,"stat.craftItem.minecraft.trapdoor":2,"stat.craftItem.minecraft.stone_pickaxe":1,"stat.mineBlock.howlingmoon.ore_silver":4,"stat.pickup.minecraft.cobblestone":533,"stat.drop.birdsnests.birdsnest":1,"stat.pickup.harvestcraft.curryleafitem":1,"stat.flyOneCm":466324,"stat.drop.harvestcraft.cantaloupeitem":2,"stat.drop.minecraft.wheat_seeds":1,"stat.useItem.minecraft.cooked_beef":8,"stat.drop.minecraft.chainmail_chestplate":8,"stat.pickup.harvestcraft.leekitem":2,"stat.mineBlock.minecraft.iron_ore":21,"stat.timeSinceDeath":19424,"stat.mineBlock.terraqueous.flowers_cluster":1,"stat.useItem.harvestcraft.peanutitem":1,"stat.drop.minecraft.log":224,"stat.drop.minecraft.spider_eye":2,"stat.pickup.minecraft.mutton":13,"stat.craftItem.astralsorcery.blockmarble":88,"stat.pickup.harvestcraft.beanitem":4,"stat.pickup.minecraft.chainmail_helmet":9,"stat.pickup.minecraft.spruce_fence":4,"stat.drop.minecraft.dirt":333,"stat.useItem.minecraft.cooked_porkchop":10,"stat.pickup.minecraft.iron_shovel":2,"stat.pickup.minecraft.trapdoor":1,"stat.drop.minecraft.beetroot_seeds":3,"stat.drop.minecraft.wool":1,"stat.mineBlock.minecraft.coal_ore":44,"stat.killEntity.Creeper":3,"stat.talkedToVillager":3,"stat.pickup.minecraft.string":10,"stat.drop.harvestcraft.pineappleitem":1,"stat.useItem.astralsorcery.blockmarble":94,"stat.entityKilledBy.Skeleton":1,"stat.craftItem.minecraft.stone_slab2":0,"stat.useItem.minecraft.spruce_fence":2,"stat.sprintOneCm":335649,"stat.craftItem.minecraft.wooden_axe":1,"stat.craftItem.minecraft.stick":8,"stat.mineBlock.minecraft.crafting_table":3,"stat.waystones:waystonesActivated":1,"stat.useItem.minecraft.carrot":7,"stat.useItem.minecraft.wheat":2,"stat.useItem.harvestcraft.turnipitem":1,"stat.mineBlock.minecraft.planks":12,"stat.drop":161,"stat.killEntity.Sheep":9,"stat.drop.terraqueous.item_main":30,"stat.killEntity.Zombie":10,"stat.craftItem.minecraft.dye":6,"stat.diveOneCm":11138,"stat.pickup.minecraft.wheat":55,"stat.pickup.harvestcraft.garlicitem":4,"stat.pickup.harvestcraft.eggplantitem":1,"stat.craftItem.ironfurnaces.iron_furnace_idle":1,"stat.drop.astralsorcery.itemcraftingcomponent":7,"stat.craftItem.minecraft.cooked_porkchop":27,"stat.pickup.minecraft.stone_axe":8,"stat.drop.minecraft.chainmail_helmet":7,"stat.drop.minecraft.cooked_porkchop":1,"stat.jump":3620,"stat.pickup.minecraft.coal":75,"stat.pickup.minecraft.iron_ingot":24,"stat.useItem.minecraft.stone_axe":198,"stat.pickup.minecraft.gunpowder":1,"stat.pickup.harvestcraft.peanutitem":1,"stat.mineBlock.harvestcraft.shadedgarden":7,"stat.pickup.minecraft.spider_eye":3,"stat.pickup.minecraft.dirt":1452,"stat.drop.minecraft.bed":2,"stat.pickup.minecraft.iron_ore":21,"stat.mineBlock.minecraft.iron_bars":2,"stat.useItem.minecraft.sapling":11,"stat.pickup.minecraft.iron_axe":3,"stat.mineBlock.minecraft.glass_pane":1,"stat.pickup.minecraft.leather":9,"stat.damageTaken":3171,"stat.mineBlock.minecraft.red_flower":1,"stat.mineBlock.minecraft.furnace":1,"stat.useItem.minecraft.wooden_pickaxe":3,"stat.pickup.minecraft.prismarine_shard":1,"stat.mineBlock.minecraft.sapling":7,"stat.pickup.minecraft.bed":8,"stat.pickup.minecraft.potato":9,"stat.pickup.minecraft.oak_stairs":1,"stat.damageDealt":8620,"stat.pickup.birdsnests.birdsnest":27,"stat.sleepInBed":10,"stat.killEntity.Cow":3,"stat.killEntity.Pig":10,"stat.walkOneCm":623842,"stat.animalsBred":1,"stat.useItem.minecraft.chest":4,"stat.pickup.howlingmoon.silver_sword":1,"stat.drop.minecraft.wheat":52,"stat.pickup.minecraft.stick":49,"stat.pickup.harvestcraft.cantaloupeitem":2,"stat.pickup.terraqueous.item_main":82,"stat.useItem.scalinghealth.heartcontainer":1,"stat.pickup.harvestcraft.spiceleafitem":8,"stat.pickup.minecraft.stone":2,"stat.useItem.harvestcraft.scallionitem":1,"stat.pickup.scalinghealth.heartcontainer":2,"stat.drop.minecraft.potato":3,"stat.pickup.harvestcraft.zucchiniitem":6,"stat.pickup.minecraft.cooked_beef":11,"stat.killEntity.Skeleton":3,"stat.drop.minecraft.chainmail_boots":8,"stat.pickup.harvestcraft.queenbeeitem":4,"stat.killEntity.Spider":2,"stat.mineBlock.minecraft.glowstone":3,"stat.pickup.astralsorcery.itemcraftingcomponent":11,"stat.mobKills":49,"stat.mineBlock.minecraft.leaves":12,"stat.pickup.minecraft.beetroot_seeds":9,"stat.pickup.howlingmoon.ore_silver":4,"stat.pickup.astralsorcery.blockmarble":502,"stat.drop.minecraft.stone_axe":6,"stat.drop.minecraft.arrow":4,"stat.mineBlock.minecraft.stone":221}