{"stats":{"minecraft:dropped":{"pointblank:ammo545":34,"pointblank:ak74":2},"minecraft:custom":{"minecraft:time_since_rest":5839,"minecraft:play_time":5839,"minecraft:sprint_one_cm":9783,"minecraft:walk_one_cm":21856,"minecraft:walk_under_water_one_cm":532,"minecraft:drop":3,"minecraft:jump":113,"minecraft:damage_dealt":180,"minecraft:time_since_death":5839,"minecraft:walk_on_water_one_cm":290,"minecraft:total_world_time":5839,"minecraft:player_kills":2,"minecraft:damage_dealt_absorbed":11,"minecraft:swim_one_cm":1774,"minecraft:fly_one_cm":63749,"minecraft:fall_one_cm":3216},"minecraft:picked_up":{"pointblank:ak74":1,"alexsmobs:animal_dictionary":1},"minecraft:used":{"wom:ender_blaster":4,"wom:antitheus":1,"mowziesmobs:wroughtnaut_spawn_egg":1,"cataclysm:ender_golem_spawn_egg":1,"cataclysm:netherite_monstrosity_spawn_egg":1}},"DataVersion":3465}