{"stat.useItem.minecraft.string":1,"stat.useItem.harvestcraft.rhubarbitem":1,"stat.pickup.terraqueous.flowers_single":1,"stat.leaveGame":16,"stat.drop.minecraft.gunpowder":1,"stat.craftItem.minecraft.iron_axe":3,"stat.drop.harvestcraft.eggplantitem":1,"stat.pickup.harvestcraft.pineappleitem":1,"stat.pickup.gravestone.death_info":11,"stat.useItem.minecraft.mutton":4,"stat.drop.minecraft.trapdoor":2,"stat.pickup.harvestcraft.taroitem":1,"stat.mineBlock.harvestcraft.beehive":1,"stat.useItem.minecraft.planks":396,"stat.mineBlock.minecraft.web":4,"stat.pickup.minecraft.glowstone_dust":65,"stat.drop.minecraft.feather":7,"stat.killEntity.Werewolf":1,"stat.pickup.minecraft.porkchop":80,"stat.mineBlock.gravestone.gravestone":9,"stat.mineBlock.ironfurnaces.iron_furnace_idle":1,"stat.pickup.minecraft.rotten_flesh":42,"stat.pickup.minecraft.sand":151,"stat.craftItem.minecraft.stone_axe":2,"stat.pickup.harvestcraft.sweetpotatoitem":6,"stat.pickup.harvestcraft.radishitem":6,"stat.craftItem.minecraft.iron_shovel":5,"stat.pickup.minecraft.chainmail_chestplate":10,"stat.mineBlock.minecraft.sand":99,"stat.killEntity.Witch":1,"stat.pickup.harvestcraft.scallionitem":3,"stat.craftItem.minecraft.wooden_hoe":1,"stat.useItem.minecraft.iron_pickaxe":754,"stat.drop.minecraft.diamond":1,"stat.useItem.minecraft.spawn_egg":19,"stat.craftItem.minecraft.wooden_pickaxe":1,"stat.mineBlock.terraqueous.doodads":17,"stat.useItem.minecraft.iron_shovel":1224,"stat.drop.minecraft.chainmail_leggings":14,"stat.pickup.harvestcraft.rhubarbitem":4,"stat.drop.minecraft.cooked_mutton":3,"stat.pickup.astralsorcery.itemjournal":6,"stat.craftItem.minecraft.bed":3,"stat.pickup.minecraft.armor_stand":3,"stat.pickup.harvestcraft.gingeritem":1,"stat.drop.gravestone.death_info":11,"stat.mineBlock.chisel.marble2":39,"stat.craftItem.minecraft.golden_carrot":42,"stat.furnaceInteraction":63,"stat.drop.harvestcraft.gingeritem":1,"stat.useItem.minecraft.golden_carrot":18,"stat.killEntity.ZombieVillager":3,"stat.pickup.harvestcraft.turnipitem":3,"stat.pickup.minecraft.beef":38,"stat.useItem.minecraft.cooked_mutton":6,"stat.pickup.minecraft.furnace":1,"stat.mineBlock.harvestcraft.windygarden":1,"stat.useItem.minecraft.trapdoor":1,"stat.pickup.howlingmoon.moonstone":13,"stat.useItem.minecraft.stone_stairs":1,"stat.mineBlock.harvestcraft.tropicalgarden":5,"stat.pickup.minecraft.stone_stairs":3,"stat.useItem.minecraft.flint_and_steel":1,"stat.useItem.minecraft.wheat_seeds":1,"stat.mineBlock.astralsorcery.blockmarble":115,"stat.pickup.minecraft.golden_carrot":1,"stat.pickup.minecraft.emerald":4,"stat.useItem.minecraft.dye":13,"stat.useItem.minecraft.beef":1,"stat.mineBlock.minecraft.oak_stairs":1,"stat.deaths":9,"stat.drop.minecraft.golden_carrot":2,"stat.pickup.minecraft.egg":26,"stat.playOneMinute":419872,"stat.pickup.harvestcraft.arrowrootitem":2,"stat.craftItem.minecraft.iron_pickaxe":3,"stat.pickup.minecraft.iron_bars":4,"stat.drop.minecraft.torch":40,"stat.pickup.chisel.marble2":175,"stat.mineBlock.minecraft.tallgrass":28,"stat.craftItem.minecraft.cooked_mutton":9,"stat.chestOpened":113,"stat.craftItem.minecraft.light_weighted_pressure_plate":1,"stat.pickup.harvestcraft.tomatoitem":3,"stat.pickup.minecraft.arrow":22,"stat.pickup.howlingmoon.potion_wolfsbane":1,"stat.drop.harvestcraft.arrowrootitem":1,"stat.pickup.minecraft.gold_nugget":96,"stat.pickup.harvestcraft.chilipepperitem":1,"stat.drop.minecraft.iron_pickaxe":6,"stat.craftItem.minecraft.iron_nugget":720,"stat.fallOneCm":214705,"stat.drop.minecraft.stone":1,"stat.pickup.minecraft.carrot":73,"stat.pickup.minecraft.melon_seeds":1,"stat.useItem.harvestcraft.chilipepperitem":1,"stat.crouchOneCm":28214,"stat.mineBlock.minecraft.chest":2,"stat.pickup.minecraft.rail":2,"stat.craftItem.minecraft.chest":3,"stat.craftItem.minecraft.iron_ingot":170,"stat.craftingTableInteraction":56,"stat.drop.howlingmoon.moonstone":1,"stat.useItem.chisel.marble2":1,"stat.pickup.minecraft.feather":156,"stat.drop.minecraft.bone":2,"stat.entityKilledBy.Hunter":4,"stat.pickup.minecraft.dye":28,"stat.pickup.minecraft.planks":602,"stat.pickup.backpacks16840.backpack":6,"stat.mineBlock.minecraft.spruce_fence":2,"stat.drop.harvestcraft.curryleafitem":1,"stat.pickup.chisel.limestone2":1,"stat.pickup.minecraft.wheat_seeds":86,"stat.mineBlock.minecraft.gravel":2,"stat.useItem.minecraft.stone_pickaxe":89,"stat.pickup.malisisdoors.big_door_spruce_3x3":2,"stat.useItem.minecraft.wool":1,"stat.drop.harvestcraft.blackberryitem":1,"stat.mineBlock.minecraft.dirt":1083,"stat.pickup.minecraft.chainmail_boots":10,"stat.drop.minecraft.iron_axe":2,"stat.mineBlock.littleframes.creative_frame":2,"stat.useItem.minecraft.torch":50,"stat.pickup.harvestcraft.maplesyrupitem":4,"stat.pickup.minecraft.iron_nugget":2,"stat.pickup.terraqueous.multifood":11,"stat.drop.minecraft.porkchop":3,"stat.drop.minecraft.rotten_flesh":8,"stat.pickup.minecraft.crafting_table":3,"stat.useItem.minecraft.log":71,"stat.useItem.minecraft.cobblestone":50,"stat.craftItem.minecraft.crafting_table":7,"stat.mineBlock.minecraft.double_plant":1,"stat.craftItem.backpacks16840.backpack":1,"stat.pickup.minecraft.log":928,"stat.useItem.harvestcraft.sweetpotatoitem":1,"stat.mineBlock.harvestcraft.pammaple":2,"stat.pickup.minecraft.iron_pickaxe":14,"stat.craftItem.minecraft.gold_ingot":3,"stat.drop.minecraft.planks":3,"stat.drop.minecraft.sapling":16,"stat.pickup.minecraft.chainmail_leggings":19,"stat.useItem.howlingmoon.silver_sword":6,"stat.pickup.minecraft.sapling":123,"stat.drop.minecraft.melon_seeds":1,"stat.pickup.minecraft.beetroot":3,"stat.craftItem.minecraft.planks":532,"stat.useItem.harvestcraft.artichokeitem":1,"stat.mineBlock.minecraft.log":309,"stat.craftItem.minecraft.wooden_door":3,"stat.useItem.minecraft.wooden_door":2,"stat.pickup.minecraft.red_flower":1,"stat.sneakTime":8330,"stat.pickup.minecraft.wool":22,"stat.useItem.minecraft.wooden_axe":18,"stat.killEntity.Hunter":18,"stat.drop.minecraft.wooden_axe":1,"stat.useItem.minecraft.beetroot":3,"stat.pickup.minecraft.chest":6,"stat.drop.scalinghealth.heartcontainer":3,"stat.drop.minecraft.stone_pickaxe":1,"stat.drop.astralsorcery.blockmarble":64,"stat.pickup.minecraft.bone":29,"stat.useItem.minecraft.iron_axe":386,"stat.mineBlock.minecraft.cobblestone":14,"stat.swimOneCm":39839,"stat.pickup.harvestcraft.artichokeitem":1,"stat.climbOneCm":24497,"stat.drop.minecraft.cobblestone":30,"stat.pickup.minecraft.cooked_porkchop":3,"stat.useItem.minecraft.dirt":559,"stat.useItem.harvestcraft.tomatoitem":1,"stat.useItem.minecraft.stone_slab2":2961,"stat.pickup.minecraft.bow":1,"stat.craftItem.minecraft.furnace":2,"stat.useItem.minecraft.egg":12,"stat.craftItem.minecraft.trapdoor":2,"stat.craftItem.minecraft.stone_pickaxe":1,"stat.craftItem.minecraft.cooked_beef":24,"stat.mineBlock.howlingmoon.ore_silver":7,"stat.pickup.minecraft.cobblestone":1121,"stat.drop.birdsnests.birdsnest":1,"stat.pickup.harvestcraft.curryleafitem":2,"stat.mineBlock.chisel.limestone2":1,"stat.flyOneCm":1149007,"stat.drop.harvestcraft.cantaloupeitem":2,"stat.drop.minecraft.wheat_seeds":5,"stat.useItem.minecraft.cooked_beef":8,"stat.drop.minecraft.chainmail_chestplate":8,"stat.pickup.harvestcraft.leekitem":3,"stat.pickup.minecraft.redstone":2,"stat.mineBlock.minecraft.iron_ore":153,"stat.timeSinceDeath":57468,"stat.mineBlock.terraqueous.flowers_cluster":1,"stat.useItem.harvestcraft.peanutitem":1,"stat.drop.minecraft.log":226,"stat.drop.minecraft.spider_eye":6,"stat.pickup.malisisdoors.big_door_dark_oak_3x3":1,"stat.pickup.minecraft.mutton":23,"stat.craftItem.astralsorcery.blockmarble":120,"stat.drop.minecraft.coal":6,"stat.pickup.harvestcraft.beanitem":4,"stat.pickup.minecraft.chainmail_helmet":9,"stat.pickup.minecraft.spruce_fence":4,"stat.drop.minecraft.dirt":333,"stat.useItem.minecraft.cooked_porkchop":25,"stat.pickup.minecraft.iron_shovel":5,"stat.pickup.minecraft.trapdoor":1,"stat.drop.minecraft.beetroot_seeds":3,"stat.drop.minecraft.wool":1,"stat.mineBlock.minecraft.coal_ore":151,"stat.killEntity.Creeper":9,"stat.talkedToVillager":15,"stat.pickup.minecraft.string":119,"stat.drop.harvestcraft.pineappleitem":1,"stat.useItem.astralsorcery.blockmarble":135,"stat.entityKilledBy.Skeleton":2,"stat.craftItem.minecraft.stone_slab2":0,"stat.useItem.minecraft.spruce_fence":2,"stat.sprintOneCm":829899,"stat.craftItem.minecraft.wooden_axe":1,"stat.craftItem.minecraft.stick":24,"stat.useItem.minecraft.stone_slab":37,"stat.craftItem.minecraft.gold_nugget":336,"stat.mineBlock.malisisdoors.big_door_spruce_3x3":2,"stat.mineBlock.minecraft.crafting_table":3,"stat.waystones:waystonesActivated":1,"stat.useItem.minecraft.carrot":9,"stat.useItem.minecraft.wheat":13,"stat.useItem.harvestcraft.turnipitem":1,"stat.mineBlock.minecraft.planks":18,"stat.drop":207,"stat.killEntity.Sheep":17,"stat.drop.terraqueous.item_main":34,"stat.killEntity.Zombie":24,"stat.craftItem.minecraft.dye":6,"stat.mineBlock.ironfurnaces.iron_furnace_active":2,"stat.useItem.harvestcraft.taroitem":1,"stat.diveOneCm":29277,"stat.pickup.minecraft.wheat":69,"stat.pickup.harvestcraft.garlicitem":4,"stat.pickup.harvestcraft.eggplantitem":1,"stat.craftItem.ironfurnaces.iron_furnace_idle":1,"stat.drop.astralsorcery.itemcraftingcomponent":7,"stat.pickup.minecraft.gravel":2,"stat.craftItem.minecraft.cooked_porkchop":31,"stat.pickup.minecraft.stone_axe":8,"stat.drop.minecraft.chainmail_helmet":7,"stat.useItem.minecraft.porkchop":13,"stat.useItem.minecraft.rotten_flesh":9,"stat.drop.minecraft.cooked_porkchop":1,"stat.pickup.harvestcraft.blackberryitem":1,"stat.jump":7155,"stat.useItem.minecraft.sand":3,"stat.useItem.minecraft.wooden_hoe":8,"stat.pickup.minecraft.coal":383,"stat.pickup.minecraft.iron_ingot":28,"stat.useItem.minecraft.stone_axe":198,"stat.pickup.minecraft.gunpowder":8,"stat.pickup.harvestcraft.peanutitem":1,"stat.mineBlock.harvestcraft.shadedgarden":8,"stat.pickup.minecraft.spider_eye":9,"stat.craftItem.minecraft.torch":32,"stat.pickup.minecraft.dirt":2258,"stat.drop.minecraft.bed":2,"stat.pickup.minecraft.iron_ore":539,"stat.useItem.minecraft.glass":24,"stat.mineBlock.minecraft.iron_bars":2,"stat.useItem.minecraft.sapling":24,"stat.pickup.minecraft.gold_ore":3,"stat.pickup.minecraft.iron_axe":7,"stat.mineBlock.minecraft.glass_pane":1,"stat.mineBlock.minecraft.stone_stairs":2,"stat.pickup.minecraft.leather":18,"stat.damageTaken":8567,"stat.mineBlock.minecraft.red_flower":1,"stat.mineBlock.minecraft.furnace":1,"stat.mineBlock.minecraft.torch":27,"stat.useItem.minecraft.wooden_pickaxe":3,"stat.pickup.minecraft.prismarine_shard":2,"stat.mineBlock.minecraft.sapling":9,"stat.pickup.minecraft.prismarine_crystals":12,"stat.useItem.customnpcs.npcwand":4,"stat.killEntity.CaveSpider":18,"stat.pickup.minecraft.bed":12,"stat.pickup.minecraft.potato":9,"stat.pickup.minecraft.oak_stairs":1,"stat.pickup.ironfurnaces.iron_furnace_idle":6,"stat.entityKilledBy.Zombie":1,"stat.damageDealt":30238,"stat.craftItem.minecraft.glass":64,"stat.pickup.birdsnests.birdsnest":42,"stat.sleepInBed":15,"stat.mineBlock.malisisdoors.big_door_dark_oak_3x3":1,"stat.killEntity.Cow":16,"stat.killEntity.Pig":24,"stat.walkOneCm":1237922,"stat.animalsBred":1,"stat.useItem.minecraft.chest":4,"stat.pickup.howlingmoon.silver_sword":5,"stat.drop.minecraft.wheat":55,"stat.pickup.minecraft.stick":60,"stat.pickup.littleframes.creative_frame":2,"stat.pickup.harvestcraft.cantaloupeitem":2,"stat.pickup.terraqueous.item_main":113,"stat.useItem.scalinghealth.heartcontainer":1,"stat.pickup.harvestcraft.spiceleafitem":8,"stat.pickup.minecraft.stone":2,"stat.useItem.harvestcraft.scallionitem":1,"stat.pickup.scalinghealth.heartcontainer":5,"stat.drop.minecraft.potato":3,"stat.pickup.harvestcraft.zucchiniitem":7,"stat.pickup.minecraft.cooked_beef":11,"stat.killEntity.Skeleton":12,"stat.drop.minecraft.chainmail_boots":8,"stat.pickup.harvestcraft.queenbeeitem":4,"stat.killEntity.Spider":5,"stat.mineBlock.minecraft.glowstone":3,"stat.pickup.astralsorcery.itemcraftingcomponent":11,"stat.mobKills":149,"stat.pickup.props.props":1,"stat.pickup.minecraft.diamond":3,"stat.mineBlock.minecraft.leaves":52,"stat.pickup.minecraft.beetroot_seeds":9,"stat.pickup.howlingmoon.ore_silver":16,"stat.pickup.minecraft.torch":85,"stat.pickup.astralsorcery.blockmarble":510,"stat.drop.minecraft.stone_axe":6,"stat.drop.minecraft.beef":6,"stat.drop.minecraft.arrow":4,"stat.mineBlock.minecraft.stone":299}